date,offence,location_type,neighbourhood
2016-07-16,Assault Peace Officer,Ttc Subway Station,97
2018-02-25,Unlawfully In Dwelling-House,"Other Commercial / Corporate Places (For Profit, Warehouse, Corp. Bldg)",24
2018-03-17,Assault With Weapon,Bar / Restaurant,85
2015-06-01,Robbery - Business,Bar / Restaurant,158
2016-03-01,Theft Over,Ttc Subway Station,42
2021-11-25,Assault With Weapon,"Streets, Roads, Highways (Bicycle Path, Private Road)",1
2014-06-28,B&E,"Commercial Dwelling Unit (Hotel, Motel, B & B, Short Term Rental)",58
2014-12-14,Robbery - Purse Snatch,Bar / Restaurant,97
2015-07-14,Robbery - Business,Ttc Subway Train,59
2016-10-09,Robbery With Weapon,"Apartment (Rooming House, Condo)",90
2023-02-04,Unlawfully In Dwelling-House,Bar / Restaurant,147
2019-09-05,Robbery With Weapon,"Single Home, House (Attach Garage, Cottage, Mobile)",118
2016-05-06,Assault Peace Officer,Ttc Subway Station,32
2018-06-29,Assault Peace Officer,"Other Commercial / Corporate Places (For Profit, Warehouse, Corp. Bldg)",80
2021-03-13,Robbery - Business,Ttc Subway Train,10
2014-05-04,Assault,"Other Commercial / Corporate Places (For Profit, Warehouse, Corp. Bldg)",133
2019-02-23,Theft Over,"Single Home, House (Attach Garage, Cottage, Mobile)",115
2019-06-19,Assault With Weapon,Ttc Subway Train,42
2019-01-30,Unlawfully In Dwelling-House,"Other Commercial / Corporate Places (For Profit, Warehouse, Corp. Bldg)",90
2018-05-18,B&E,"Apartment (Rooming House, Condo)",83
2019-07-20,B&E W'Intent,Ttc Subway Station,129
2020-06-04,Robbery - Business,Ttc Subway Train,59
2016-02-26,Robbery - Purse Snatch,"Other Commercial / Corporate Places (For Profit, Warehouse, Corp. Bldg)",7
2024-01-23,Robbery - Purse Snatch,"Apartment (Rooming House, Condo)",44
2023-04-24,Unlawfully In Dwelling-House,"Single Home, House (Attach Garage, Cottage, Mobile)",68
2018-07-07,B&E W'Intent,"Apartment (Rooming House, Condo)",48
2015-01-01,Robbery - Purse Snatch,"Single Home, House (Attach Garage, Cottage, Mobile)",6
2019-06-09,Robbery - Business,"Other Commercial / Corporate Places (For Profit, Warehouse, Corp. Bldg)",97
2016-08-16,B&E,"Commercial Dwelling Unit (Hotel, Motel, B & B, Short Term Rental)",64
2022-07-05,B&E,"Single Home, House (Attach Garage, Cottage, Mobile)",28
2014-03-22,Unlawfully In Dwelling-House,"Commercial Dwelling Unit (Hotel, Motel, B & B, Short Term Rental)",8
2021-11-10,B&E,"Single Home, House (Attach Garage, Cottage, Mobile)",52
2016-12-27,Robbery With Weapon,"Single Home, House (Attach Garage, Cottage, Mobile)",149
2019-10-31,Theft Over,Bar / Restaurant,113
2018-07-27,B&E,"Streets, Roads, Highways (Bicycle Path, Private Road)",144
2019-04-26,Robbery - Business,"Commercial Dwelling Unit (Hotel, Motel, B & B, Short Term Rental)",114
2024-02-11,B&E,Bar / Restaurant,75
2024-03-20,Robbery With Weapon,Ttc Subway Train,73
2018-04-01,Robbery With Weapon,"Other Commercial / Corporate Places (For Profit, Warehouse, Corp. Bldg)",49
2022-02-20,Robbery - Purse Snatch,"Commercial Dwelling Unit (Hotel, Motel, B & B, Short Term Rental)",147
2015-04-10,Assault Peace Officer,"Other Commercial / Corporate Places (For Profit, Warehouse, Corp. Bldg)",2
2021-06-07,Assault With Weapon,Bar / Restaurant,41
2016-11-23,B&E W'Intent,Ttc Subway Station,82
2015-02-01,B&E W'Intent,"Streets, Roads, Highways (Bicycle Path, Private Road)",1
2023-02-17,Robbery - Purse Snatch,Bar / Restaurant,126
2014-09-15,B&E W'Intent,"Streets, Roads, Highways (Bicycle Path, Private Road)",16
2018-05-01,Theft Over,Ttc Subway Station,98
2020-12-14,Assault,"Single Home, House (Attach Garage, Cottage, Mobile)",146
2023-04-20,Robbery - Business,"Streets, Roads, Highways (Bicycle Path, Private Road)",141
2018-03-25,Assault Peace Officer,"Streets, Roads, Highways (Bicycle Path, Private Road)",66
2015-03-17,Unlawfully In Dwelling-House,"Apartment (Rooming House, Condo)",71
2021-05-29,B&E,"Other Commercial / Corporate Places (For Profit, Warehouse, Corp. Bldg)",11
2014-08-25,Robbery - Business,"Streets, Roads, Highways (Bicycle Path, Private Road)",24
2017-10-17,Robbery - Business,"Commercial Dwelling Unit (Hotel, Motel, B & B, Short Term Rental)",104
2016-08-17,Robbery - Purse Snatch,"Apartment (Rooming House, Condo)",85
2021-10-01,Assault With Weapon,"Commercial Dwelling Unit (Hotel, Motel, B & B, Short Term Rental)",99
2014-12-18,Assault,"Apartment (Rooming House, Condo)",71
2019-07-31,Assault With Weapon,"Other Commercial / Corporate Places (For Profit, Warehouse, Corp. Bldg)",157
2024-02-17,B&E,Ttc Subway Train,11
2021-04-14,Robbery - Purse Snatch,Bar / Restaurant,80
2019-10-17,Assault Peace Officer,"Streets, Roads, Highways (Bicycle Path, Private Road)",109
2024-02-09,Unlawfully In Dwelling-House,"Streets, Roads, Highways (Bicycle Path, Private Road)",41
2016-04-30,Assault Peace Officer,"Apartment (Rooming House, Condo)",28
2020-07-08,B&E,"Single Home, House (Attach Garage, Cottage, Mobile)",43
2023-01-24,B&E,Bar / Restaurant,57
2015-08-05,B&E W'Intent,"Commercial Dwelling Unit (Hotel, Motel, B & B, Short Term Rental)",133
2020-10-20,Robbery - Purse Snatch,"Commercial Dwelling Unit (Hotel, Motel, B & B, Short Term Rental)",75
2014-09-20,Theft Over,Ttc Subway Station,66
2020-01-19,Assault With Weapon,Bar / Restaurant,100
2014-06-02,Robbery - Purse Snatch,Ttc Subway Station,73
2019-06-24,B&E,Bar / Restaurant,20
2021-11-13,Robbery With Weapon,"Other Commercial / Corporate Places (For Profit, Warehouse, Corp. Bldg)",62
2016-03-04,Assault,"Other Commercial / Corporate Places (For Profit, Warehouse, Corp. Bldg)",42
2015-08-30,Assault Peace Officer,"Commercial Dwelling Unit (Hotel, Motel, B & B, Short Term Rental)",89
2023-08-24,Robbery With Weapon,"Single Home, House (Attach Garage, Cottage, Mobile)",93
2020-06-28,Theft Over,"Single Home, House (Attach Garage, Cottage, Mobile)",46
2019-02-11,Robbery - Purse Snatch,Ttc Subway Station,48
2022-03-04,Assault Peace Officer,"Apartment (Rooming House, Condo)",77
2020-07-20,Robbery - Business,"Commercial Dwelling Unit (Hotel, Motel, B & B, Short Term Rental)",26
2023-11-17,Theft Over,"Single Home, House (Attach Garage, Cottage, Mobile)",76
2018-12-28,Assault With Weapon,Ttc Subway Station,53
2017-03-15,B&E,"Apartment (Rooming House, Condo)",55
2020-03-31,Theft Over,"Other Commercial / Corporate Places (For Profit, Warehouse, Corp. Bldg)",30
2017-12-31,Robbery - Purse Snatch,"Apartment (Rooming House, Condo)",115
2023-08-03,Theft Over,Ttc Subway Station,6
2023-11-05,Robbery With Weapon,Ttc Subway Station,149
2018-10-11,B&E,"Single Home, House (Attach Garage, Cottage, Mobile)",19
2015-07-06,Robbery With Weapon,"Streets, Roads, Highways (Bicycle Path, Private Road)",118
2015-10-10,B&E W'Intent,"Other Commercial / Corporate Places (For Profit, Warehouse, Corp. Bldg)",50
2022-07-27,Robbery - Purse Snatch,Ttc Subway Train,39
2020-09-27,B&E W'Intent,"Commercial Dwelling Unit (Hotel, Motel, B & B, Short Term Rental)",156
2015-02-03,Unlawfully In Dwelling-House,"Streets, Roads, Highways (Bicycle Path, Private Road)",130
2019-12-18,Assault With Weapon,"Single Home, House (Attach Garage, Cottage, Mobile)",66
2021-09-26,Robbery - Business,"Apartment (Rooming House, Condo)",85
2017-07-08,Robbery With Weapon,"Apartment (Rooming House, Condo)",155
2021-11-14,B&E W'Intent,Ttc Subway Train,118
2018-01-01,Robbery - Business,"Commercial Dwelling Unit (Hotel, Motel, B & B, Short Term Rental)",79
2021-03-21,Assault,"Single Home, House (Attach Garage, Cottage, Mobile)",84
2023-06-16,Assault Peace Officer,Bar / Restaurant,116
2019-07-19,Assault Peace Officer,"Other Commercial / Corporate Places (For Profit, Warehouse, Corp. Bldg)",148
2019-08-24,B&E,"Streets, Roads, Highways (Bicycle Path, Private Road)",79
2020-12-29,Robbery With Weapon,"Other Commercial / Corporate Places (For Profit, Warehouse, Corp. Bldg)",146
2016-03-19,Robbery - Business,Ttc Subway Station,78
2017-06-17,Assault Peace Officer,"Streets, Roads, Highways (Bicycle Path, Private Road)",40
2015-09-07,Robbery - Business,"Apartment (Rooming House, Condo)",15
2017-12-27,Theft Over,Ttc Subway Station,113
2019-12-05,Unlawfully In Dwelling-House,"Commercial Dwelling Unit (Hotel, Motel, B & B, Short Term Rental)",46
2017-03-09,Robbery With Weapon,Bar / Restaurant,145
2019-09-19,B&E W'Intent,Bar / Restaurant,66
2021-05-14,Theft Over,"Streets, Roads, Highways (Bicycle Path, Private Road)",142
2014-10-19,Assault,"Commercial Dwelling Unit (Hotel, Motel, B & B, Short Term Rental)",132
2023-01-23,Assault With Weapon,"Single Home, House (Attach Garage, Cottage, Mobile)",113
2024-02-16,B&E,"Other Commercial / Corporate Places (For Profit, Warehouse, Corp. Bldg)",24
2023-08-10,Robbery With Weapon,"Commercial Dwelling Unit (Hotel, Motel, B & B, Short Term Rental)",148
2019-09-09,B&E W'Intent,"Other Commercial / Corporate Places (For Profit, Warehouse, Corp. Bldg)",101
2024-03-27,B&E,Ttc Subway Train,47
2021-11-11,Robbery With Weapon,Ttc Subway Train,134
2020-02-10,Robbery With Weapon,Ttc Subway Train,141
2016-06-18,Robbery - Purse Snatch,"Commercial Dwelling Unit (Hotel, Motel, B & B, Short Term Rental)",150
2017-11-09,Unlawfully In Dwelling-House,"Other Commercial / Corporate Places (For Profit, Warehouse, Corp. Bldg)",38
2016-09-24,Robbery - Business,"Other Commercial / Corporate Places (For Profit, Warehouse, Corp. Bldg)",11
2024-03-06,Theft Over,"Commercial Dwelling Unit (Hotel, Motel, B & B, Short Term Rental)",143
2014-02-17,B&E,"Commercial Dwelling Unit (Hotel, Motel, B & B, Short Term Rental)",2
2017-04-25,Robbery - Purse Snatch,"Commercial Dwelling Unit (Hotel, Motel, B & B, Short Term Rental)",154
2017-11-05,Unlawfully In Dwelling-House,Bar / Restaurant,68
2016-06-18,B&E,"Commercial Dwelling Unit (Hotel, Motel, B & B, Short Term Rental)",10
2016-12-27,Theft Over,"Other Commercial / Corporate Places (For Profit, Warehouse, Corp. Bldg)",26
2014-05-17,Robbery - Purse Snatch,Ttc Subway Station,62
2018-09-30,Robbery - Purse Snatch,Bar / Restaurant,154
2016-11-08,Theft Over,Ttc Subway Train,61
2018-03-23,Assault Peace Officer,"Single Home, House (Attach Garage, Cottage, Mobile)",91
2017-05-06,Robbery - Purse Snatch,Bar / Restaurant,59
2023-05-10,B&E W'Intent,Ttc Subway Train,103
2021-11-28,Unlawfully In Dwelling-House,"Single Home, House (Attach Garage, Cottage, Mobile)",157
2023-12-30,Assault,"Streets, Roads, Highways (Bicycle Path, Private Road)",26
2018-09-03,Assault With Weapon,"Single Home, House (Attach Garage, Cottage, Mobile)",123
2015-12-18,B&E,"Other Commercial / Corporate Places (For Profit, Warehouse, Corp. Bldg)",139
2021-05-15,Assault,"Commercial Dwelling Unit (Hotel, Motel, B & B, Short Term Rental)",14
2018-06-11,Robbery - Business,Bar / Restaurant,50
2015-04-21,Assault With Weapon,Ttc Subway Station,137
2015-11-11,Assault Peace Officer,"Single Home, House (Attach Garage, Cottage, Mobile)",97
2024-06-15,Theft Over,Ttc Subway Station,130
2021-06-08,Assault,"Single Home, House (Attach Garage, Cottage, Mobile)",52
2023-07-22,Unlawfully In Dwelling-House,"Single Home, House (Attach Garage, Cottage, Mobile)",108
2014-04-14,Assault Peace Officer,"Apartment (Rooming House, Condo)",152
2016-04-05,Assault,Ttc Subway Train,93
2022-08-05,Robbery With Weapon,"Commercial Dwelling Unit (Hotel, Motel, B & B, Short Term Rental)",18
2015-10-20,Assault With Weapon,"Single Home, House (Attach Garage, Cottage, Mobile)",71
2017-05-12,B&E,"Single Home, House (Attach Garage, Cottage, Mobile)",124
2015-04-22,Robbery - Business,"Single Home, House (Attach Garage, Cottage, Mobile)",99
2014-02-23,Robbery - Purse Snatch,"Single Home, House (Attach Garage, Cottage, Mobile)",149
2022-12-06,Assault,"Single Home, House (Attach Garage, Cottage, Mobile)",14
2022-07-27,Robbery - Business,Bar / Restaurant,77
2018-04-07,Assault,Ttc Subway Station,62
2017-10-31,Assault,Ttc Subway Train,93
2023-05-18,B&E,"Single Home, House (Attach Garage, Cottage, Mobile)",63
2015-11-27,Assault Peace Officer,"Streets, Roads, Highways (Bicycle Path, Private Road)",148
2020-05-19,Robbery With Weapon,"Other Commercial / Corporate Places (For Profit, Warehouse, Corp. Bldg)",57
2018-11-19,B&E W'Intent,Ttc Subway Train,2
2024-02-24,Assault Peace Officer,"Other Commercial / Corporate Places (For Profit, Warehouse, Corp. Bldg)",106
2016-08-06,Assault Peace Officer,"Other Commercial / Corporate Places (For Profit, Warehouse, Corp. Bldg)",34
2015-07-23,Robbery - Business,"Single Home, House (Attach Garage, Cottage, Mobile)",122
2018-08-06,Robbery - Business,"Other Commercial / Corporate Places (For Profit, Warehouse, Corp. Bldg)",88
2020-04-28,Assault Peace Officer,Bar / Restaurant,34
2019-01-01,B&E,"Commercial Dwelling Unit (Hotel, Motel, B & B, Short Term Rental)",136
2018-07-25,B&E W'Intent,"Single Home, House (Attach Garage, Cottage, Mobile)",28
2018-09-07,B&E W'Intent,"Apartment (Rooming House, Condo)",143
2014-11-24,Robbery - Business,"Commercial Dwelling Unit (Hotel, Motel, B & B, Short Term Rental)",117
2020-08-06,B&E W'Intent,"Single Home, House (Attach Garage, Cottage, Mobile)",95
2014-10-13,Unlawfully In Dwelling-House,Bar / Restaurant,48
2017-03-27,B&E,Ttc Subway Train,154
2022-01-14,Theft Over,Bar / Restaurant,2
2015-01-24,Assault,"Other Commercial / Corporate Places (For Profit, Warehouse, Corp. Bldg)",90
2014-05-19,B&E W'Intent,Bar / Restaurant,52
2014-12-15,Assault,"Single Home, House (Attach Garage, Cottage, Mobile)",137
2021-06-08,B&E,"Other Commercial / Corporate Places (For Profit, Warehouse, Corp. Bldg)",128
2015-03-12,Theft Over,"Other Commercial / Corporate Places (For Profit, Warehouse, Corp. Bldg)",142
2022-07-27,Assault Peace Officer,"Single Home, House (Attach Garage, Cottage, Mobile)",32
2019-11-03,Robbery With Weapon,Ttc Subway Train,46
2019-11-29,Robbery - Business,Ttc Subway Station,149
2018-01-14,Unlawfully In Dwelling-House,Bar / Restaurant,73
2015-09-21,B&E W'Intent,Ttc Subway Station,146
2023-01-21,Assault,"Other Commercial / Corporate Places (For Profit, Warehouse, Corp. Bldg)",11
2019-08-30,Assault Peace Officer,"Apartment (Rooming House, Condo)",127
2019-06-22,Assault Peace Officer,"Streets, Roads, Highways (Bicycle Path, Private Road)",47
2021-12-09,Robbery - Business,"Other Commercial / Corporate Places (For Profit, Warehouse, Corp. Bldg)",157
2015-08-31,Theft Over,"Single Home, House (Attach Garage, Cottage, Mobile)",100
2020-10-10,Robbery - Business,Ttc Subway Station,108
2014-09-14,Robbery With Weapon,Bar / Restaurant,35
2016-02-15,Assault With Weapon,Bar / Restaurant,7
2014-03-10,Assault Peace Officer,"Other Commercial / Corporate Places (For Profit, Warehouse, Corp. Bldg)",74
2024-03-26,Unlawfully In Dwelling-House,"Other Commercial / Corporate Places (For Profit, Warehouse, Corp. Bldg)",60
2015-07-29,Robbery With Weapon,"Commercial Dwelling Unit (Hotel, Motel, B & B, Short Term Rental)",95
2017-10-26,Assault,Ttc Subway Train,120
2018-05-01,Unlawfully In Dwelling-House,"Streets, Roads, Highways (Bicycle Path, Private Road)",29
2021-05-19,Assault,"Apartment (Rooming House, Condo)",140
2020-06-06,Robbery - Business,Ttc Subway Station,80
2015-05-09,Assault,"Streets, Roads, Highways (Bicycle Path, Private Road)",55
2022-05-04,Assault With Weapon,"Streets, Roads, Highways (Bicycle Path, Private Road)",99
2017-05-10,Assault With Weapon,"Other Commercial / Corporate Places (For Profit, Warehouse, Corp. Bldg)",137
2017-12-09,Unlawfully In Dwelling-House,"Apartment (Rooming House, Condo)",40
2017-08-24,Robbery - Business,"Apartment (Rooming House, Condo)",3
2018-02-07,Robbery With Weapon,"Apartment (Rooming House, Condo)",102
2014-01-12,Unlawfully In Dwelling-House,"Commercial Dwelling Unit (Hotel, Motel, B & B, Short Term Rental)",109
2021-03-29,Robbery - Business,Ttc Subway Train,9
2023-05-15,Assault With Weapon,Bar / Restaurant,58
2019-08-05,B&E W'Intent,"Apartment (Rooming House, Condo)",146
2016-05-09,Assault,"Single Home, House (Attach Garage, Cottage, Mobile)",115
2014-09-05,Robbery With Weapon,"Other Commercial / Corporate Places (For Profit, Warehouse, Corp. Bldg)",102
2023-10-24,Assault,Ttc Subway Train,139
2020-12-02,Robbery - Business,"Other Commercial / Corporate Places (For Profit, Warehouse, Corp. Bldg)",2
2014-05-15,Assault With Weapon,Bar / Restaurant,44
2023-11-25,Robbery With Weapon,"Commercial Dwelling Unit (Hotel, Motel, B & B, Short Term Rental)",44
2023-09-29,Assault Peace Officer,Ttc Subway Train,42
2022-07-07,Unlawfully In Dwelling-House,Ttc Subway Train,68
2023-01-24,Robbery - Purse Snatch,"Apartment (Rooming House, Condo)",9
2023-02-26,Unlawfully In Dwelling-House,"Streets, Roads, Highways (Bicycle Path, Private Road)",132
2020-07-02,Assault Peace Officer,"Streets, Roads, Highways (Bicycle Path, Private Road)",14
2015-12-05,Unlawfully In Dwelling-House,Ttc Subway Train,123
2015-12-29,Robbery With Weapon,"Other Commercial / Corporate Places (For Profit, Warehouse, Corp. Bldg)",105
2017-10-13,Assault Peace Officer,"Single Home, House (Attach Garage, Cottage, Mobile)",85
2018-10-31,Robbery - Purse Snatch,"Streets, Roads, Highways (Bicycle Path, Private Road)",101
2018-12-13,Robbery - Purse Snatch,Ttc Subway Station,2
2015-05-10,Assault With Weapon,Bar / Restaurant,112
2014-12-07,B&E W'Intent,"Other Commercial / Corporate Places (For Profit, Warehouse, Corp. Bldg)",93
2016-03-31,Robbery - Business,"Streets, Roads, Highways (Bicycle Path, Private Road)",3
2020-10-14,Robbery - Business,Bar / Restaurant,117
2016-07-05,Assault Peace Officer,"Streets, Roads, Highways (Bicycle Path, Private Road)",125
2019-07-29,B&E,"Single Home, House (Attach Garage, Cottage, Mobile)",68
2023-02-05,Robbery - Business,Ttc Subway Station,38
2019-04-22,Unlawfully In Dwelling-House,Bar / Restaurant,102
2022-11-10,Assault With Weapon,"Streets, Roads, Highways (Bicycle Path, Private Road)",51
2015-09-24,Assault,"Apartment (Rooming House, Condo)",60
2018-04-09,Unlawfully In Dwelling-House,"Commercial Dwelling Unit (Hotel, Motel, B & B, Short Term Rental)",122
2015-05-14,Assault Peace Officer,Ttc Subway Station,144
2015-03-20,Robbery - Business,"Apartment (Rooming House, Condo)",77
2020-07-05,B&E,Ttc Subway Train,101
2022-01-31,Unlawfully In Dwelling-House,"Apartment (Rooming House, Condo)",102
2019-01-28,Assault,"Commercial Dwelling Unit (Hotel, Motel, B & B, Short Term Rental)",23
2021-04-06,Assault,Bar / Restaurant,94
2015-06-01,Assault With Weapon,Bar / Restaurant,140
2022-01-24,Robbery - Purse Snatch,Bar / Restaurant,113
2018-12-05,Theft Over,Ttc Subway Train,23
2019-10-08,Assault With Weapon,Ttc Subway Train,12
2022-02-18,Robbery - Business,Ttc Subway Station,26
2015-01-05,B&E W'Intent,"Apartment (Rooming House, Condo)",158
2022-01-08,Assault,"Apartment (Rooming House, Condo)",66
2024-05-30,Assault,"Streets, Roads, Highways (Bicycle Path, Private Road)",22
2019-04-14,Robbery With Weapon,Bar / Restaurant,35
2020-04-27,Robbery - Business,"Apartment (Rooming House, Condo)",121
2018-05-31,Assault,Ttc Subway Station,49
2023-02-26,Assault Peace Officer,"Apartment (Rooming House, Condo)",56
2018-01-16,Assault Peace Officer,Ttc Subway Train,139
2019-02-08,Robbery - Business,"Other Commercial / Corporate Places (For Profit, Warehouse, Corp. Bldg)",138
2016-07-11,B&E W'Intent,Ttc Subway Station,121
2014-07-27,Theft Over,Ttc Subway Station,9
2016-03-18,Robbery - Business,"Other Commercial / Corporate Places (For Profit, Warehouse, Corp. Bldg)",12
2014-07-19,Assault With Weapon,"Commercial Dwelling Unit (Hotel, Motel, B & B, Short Term Rental)",15
2019-01-01,B&E W'Intent,"Other Commercial / Corporate Places (For Profit, Warehouse, Corp. Bldg)",3
2015-04-01,Robbery - Purse Snatch,Bar / Restaurant,91
2015-03-19,Robbery - Purse Snatch,"Other Commercial / Corporate Places (For Profit, Warehouse, Corp. Bldg)",157
2016-05-14,Unlawfully In Dwelling-House,"Apartment (Rooming House, Condo)",54
2022-02-17,Theft Over,"Commercial Dwelling Unit (Hotel, Motel, B & B, Short Term Rental)",106
2014-01-18,Robbery - Business,"Streets, Roads, Highways (Bicycle Path, Private Road)",52
2021-12-10,Assault With Weapon,Ttc Subway Train,60
2020-09-25,Theft Over,"Other Commercial / Corporate Places (For Profit, Warehouse, Corp. Bldg)",147
2020-11-08,Robbery - Purse Snatch,Ttc Subway Station,32
2024-03-01,B&E,"Single Home, House (Attach Garage, Cottage, Mobile)",66
2014-04-02,Theft Over,Ttc Subway Train,132
2021-05-06,Robbery - Business,"Single Home, House (Attach Garage, Cottage, Mobile)",57
2018-01-30,Assault Peace Officer,Bar / Restaurant,143
2023-04-19,Theft Over,Ttc Subway Station,132
2018-11-06,Robbery - Purse Snatch,Ttc Subway Station,51
2019-12-02,Robbery - Business,"Apartment (Rooming House, Condo)",152
2015-01-17,Theft Over,"Apartment (Rooming House, Condo)",41
2022-05-25,Assault With Weapon,"Other Commercial / Corporate Places (For Profit, Warehouse, Corp. Bldg)",37
2022-06-22,Assault,Ttc Subway Train,52
2020-09-23,Robbery - Business,"Streets, Roads, Highways (Bicycle Path, Private Road)",102
2019-08-20,B&E W'Intent,"Commercial Dwelling Unit (Hotel, Motel, B & B, Short Term Rental)",34
2023-03-09,B&E W'Intent,Bar / Restaurant,155
2021-11-27,Robbery - Business,"Single Home, House (Attach Garage, Cottage, Mobile)",4
2020-05-18,Robbery With Weapon,"Other Commercial / Corporate Places (For Profit, Warehouse, Corp. Bldg)",97
2016-03-31,Theft Over,Bar / Restaurant,48
2019-08-16,Theft Over,Bar / Restaurant,1
2016-07-27,Assault Peace Officer,"Streets, Roads, Highways (Bicycle Path, Private Road)",80
2017-08-19,B&E W'Intent,Bar / Restaurant,64
2019-11-23,Unlawfully In Dwelling-House,Bar / Restaurant,5
2018-04-22,Robbery - Business,Bar / Restaurant,31
2022-05-05,Assault Peace Officer,"Commercial Dwelling Unit (Hotel, Motel, B & B, Short Term Rental)",34
2019-10-30,Robbery - Business,Ttc Subway Train,3
2021-04-04,Assault,"Apartment (Rooming House, Condo)",92
2016-03-13,Unlawfully In Dwelling-House,"Apartment (Rooming House, Condo)",30
2014-01-27,B&E W'Intent,"Streets, Roads, Highways (Bicycle Path, Private Road)",138
2017-03-31,Theft Over,"Streets, Roads, Highways (Bicycle Path, Private Road)",58
2020-11-15,Theft Over,Bar / Restaurant,77
2017-04-28,Robbery - Business,"Apartment (Rooming House, Condo)",150
2024-03-10,Unlawfully In Dwelling-House,"Streets, Roads, Highways (Bicycle Path, Private Road)",121
2014-11-23,Robbery - Purse Snatch,"Apartment (Rooming House, Condo)",144
2022-05-02,Assault Peace Officer,Bar / Restaurant,1
2017-08-06,Assault,Ttc Subway Train,18
2024-05-26,Robbery - Purse Snatch,"Apartment (Rooming House, Condo)",146
2024-03-03,Assault With Weapon,"Commercial Dwelling Unit (Hotel, Motel, B & B, Short Term Rental)",84
2018-07-08,B&E W'Intent,"Streets, Roads, Highways (Bicycle Path, Private Road)",73
2016-07-04,Assault With Weapon,Ttc Subway Train,96
2021-02-02,Robbery With Weapon,Ttc Subway Station,129
2017-04-28,Assault Peace Officer,"Other Commercial / Corporate Places (For Profit, Warehouse, Corp. Bldg)",117
2014-11-22,Robbery With Weapon,"Apartment (Rooming House, Condo)",99
2020-02-19,Robbery With Weapon,"Other Commercial / Corporate Places (For Profit, Warehouse, Corp. Bldg)",120
2018-09-14,B&E W'Intent,"Other Commercial / Corporate Places (For Profit, Warehouse, Corp. Bldg)",135
2022-05-06,B&E W'Intent,Bar / Restaurant,31
2018-02-20,Assault,Ttc Subway Station,64
2023-01-17,Theft Over,"Other Commercial / Corporate Places (For Profit, Warehouse, Corp. Bldg)",59
2022-04-22,Assault With Weapon,Ttc Subway Train,24
2023-07-15,Robbery - Business,Bar / Restaurant,109
2017-08-06,B&E W'Intent,Ttc Subway Station,48
2019-10-15,Assault With Weapon,Bar / Restaurant,115
2017-05-21,B&E,Ttc Subway Train,149
2021-01-03,Robbery With Weapon,"Single Home, House (Attach Garage, Cottage, Mobile)",22
2023-04-27,Unlawfully In Dwelling-House,"Apartment (Rooming House, Condo)",94
2017-12-31,Unlawfully In Dwelling-House,"Other Commercial / Corporate Places (For Profit, Warehouse, Corp. Bldg)",46
2022-10-13,Assault,Ttc Subway Station,147
2024-01-15,Robbery With Weapon,"Streets, Roads, Highways (Bicycle Path, Private Road)",110
2017-04-25,Robbery - Purse Snatch,Ttc Subway Station,63
2021-04-21,B&E,Bar / Restaurant,146
2023-06-26,Assault Peace Officer,Bar / Restaurant,93
2015-03-23,B&E,"Apartment (Rooming House, Condo)",22
2016-03-11,Assault With Weapon,Bar / Restaurant,37
2019-06-10,Robbery - Business,"Commercial Dwelling Unit (Hotel, Motel, B & B, Short Term Rental)",24
2018-02-23,Robbery - Business,"Single Home, House (Attach Garage, Cottage, Mobile)",50
2018-03-30,Unlawfully In Dwelling-House,Ttc Subway Train,92
2020-07-23,B&E,Ttc Subway Train,19
2023-07-01,Assault With Weapon,"Apartment (Rooming House, Condo)",119
2024-04-19,Robbery With Weapon,"Streets, Roads, Highways (Bicycle Path, Private Road)",20
2017-06-30,Assault,"Commercial Dwelling Unit (Hotel, Motel, B & B, Short Term Rental)",24
2016-04-19,B&E,"Other Commercial / Corporate Places (For Profit, Warehouse, Corp. Bldg)",148
2017-04-03,Assault Peace Officer,Ttc Subway Train,54
2018-06-14,Unlawfully In Dwelling-House,Bar / Restaurant,52
2020-11-14,Assault Peace Officer,"Commercial Dwelling Unit (Hotel, Motel, B & B, Short Term Rental)",83
2018-04-19,Unlawfully In Dwelling-House,Ttc Subway Train,76
2023-06-13,Robbery With Weapon,"Other Commercial / Corporate Places (For Profit, Warehouse, Corp. Bldg)",121
2024-04-21,Assault With Weapon,"Commercial Dwelling Unit (Hotel, Motel, B & B, Short Term Rental)",39
2021-09-03,Assault,"Streets, Roads, Highways (Bicycle Path, Private Road)",145
2019-11-14,Robbery With Weapon,"Single Home, House (Attach Garage, Cottage, Mobile)",22
2021-09-28,Theft Over,"Apartment (Rooming House, Condo)",95
2022-03-01,Assault,Ttc Subway Station,143
2017-12-27,Assault,"Apartment (Rooming House, Condo)",154
2023-03-16,Robbery - Purse Snatch,"Other Commercial / Corporate Places (For Profit, Warehouse, Corp. Bldg)",66
2021-07-30,Robbery - Purse Snatch,"Other Commercial / Corporate Places (For Profit, Warehouse, Corp. Bldg)",69
2020-10-12,Assault Peace Officer,Ttc Subway Train,64
2020-07-23,Theft Over,Bar / Restaurant,126
2018-01-22,B&E W'Intent,Ttc Subway Train,82
2021-07-18,Assault,Ttc Subway Train,42
2018-10-17,Assault Peace Officer,"Single Home, House (Attach Garage, Cottage, Mobile)",74
2016-03-12,Assault With Weapon,Bar / Restaurant,69
2019-06-29,Robbery - Purse Snatch,Bar / Restaurant,89
2023-03-23,Assault Peace Officer,Bar / Restaurant,88
2019-12-06,Unlawfully In Dwelling-House,Ttc Subway Train,51
2019-09-08,Robbery - Business,Ttc Subway Station,35
2023-05-26,Theft Over,Bar / Restaurant,152
2014-12-01,Robbery With Weapon,"Streets, Roads, Highways (Bicycle Path, Private Road)",22
2017-01-05,Unlawfully In Dwelling-House,Bar / Restaurant,154
2015-10-31,Theft Over,Bar / Restaurant,91
2014-10-08,B&E,Bar / Restaurant,1
2019-08-02,B&E,Ttc Subway Station,10
2022-03-21,B&E W'Intent,"Apartment (Rooming House, Condo)",82
2023-09-18,Assault Peace Officer,"Other Commercial / Corporate Places (For Profit, Warehouse, Corp. Bldg)",105
2017-01-13,B&E W'Intent,"Streets, Roads, Highways (Bicycle Path, Private Road)",36
2018-09-15,Robbery - Business,Bar / Restaurant,103
2022-09-30,Theft Over,"Apartment (Rooming House, Condo)",11
2015-04-24,Assault,Bar / Restaurant,102
2021-01-01,Robbery - Purse Snatch,"Other Commercial / Corporate Places (For Profit, Warehouse, Corp. Bldg)",2
2023-04-19,Unlawfully In Dwelling-House,Bar / Restaurant,158
2023-04-02,B&E W'Intent,"Other Commercial / Corporate Places (For Profit, Warehouse, Corp. Bldg)",14
2017-01-26,Unlawfully In Dwelling-House,Ttc Subway Station,136
2017-04-08,Assault Peace Officer,Bar / Restaurant,118
2017-01-26,Unlawfully In Dwelling-House,"Single Home, House (Attach Garage, Cottage, Mobile)",147
2023-01-07,Theft Over,Ttc Subway Station,59
2023-04-03,Assault,Ttc Subway Train,74
2019-08-27,Assault,"Other Commercial / Corporate Places (For Profit, Warehouse, Corp. Bldg)",133
2017-01-04,Assault,"Streets, Roads, Highways (Bicycle Path, Private Road)",63
2017-02-08,Theft Over,Ttc Subway Station,127
2023-12-17,Assault,Bar / Restaurant,36
2021-02-01,B&E W'Intent,Ttc Subway Train,7
2018-08-13,B&E W'Intent,Bar / Restaurant,65
2016-09-27,Robbery - Business,Bar / Restaurant,147
2018-01-19,B&E,"Other Commercial / Corporate Places (For Profit, Warehouse, Corp. Bldg)",126
2016-10-02,B&E,Bar / Restaurant,44
2016-10-11,Robbery - Purse Snatch,Bar / Restaurant,129
2022-11-10,Assault With Weapon,"Commercial Dwelling Unit (Hotel, Motel, B & B, Short Term Rental)",26
2019-08-29,Assault With Weapon,Ttc Subway Train,118
2022-05-19,Assault With Weapon,Ttc Subway Train,6
2019-02-18,Robbery With Weapon,"Streets, Roads, Highways (Bicycle Path, Private Road)",157
2016-10-19,Robbery With Weapon,"Apartment (Rooming House, Condo)",42
2016-08-16,Robbery - Purse Snatch,Ttc Subway Station,104
2023-02-13,Robbery - Purse Snatch,"Single Home, House (Attach Garage, Cottage, Mobile)",148
2023-02-03,B&E,"Commercial Dwelling Unit (Hotel, Motel, B & B, Short Term Rental)",19
2020-09-08,Assault,"Commercial Dwelling Unit (Hotel, Motel, B & B, Short Term Rental)",42
2019-11-21,Robbery - Business,"Other Commercial / Corporate Places (For Profit, Warehouse, Corp. Bldg)",28
2023-04-21,Unlawfully In Dwelling-House,"Streets, Roads, Highways (Bicycle Path, Private Road)",6
2016-03-10,Unlawfully In Dwelling-House,"Single Home, House (Attach Garage, Cottage, Mobile)",43
2018-02-15,Assault,"Other Commercial / Corporate Places (For Profit, Warehouse, Corp. Bldg)",7
2019-07-27,Robbery - Business,Bar / Restaurant,85
2022-10-03,Assault Peace Officer,"Streets, Roads, Highways (Bicycle Path, Private Road)",35
2015-03-09,B&E,"Apartment (Rooming House, Condo)",116
2022-11-23,Unlawfully In Dwelling-House,"Commercial Dwelling Unit (Hotel, Motel, B & B, Short Term Rental)",116
2015-04-02,Assault Peace Officer,Ttc Subway Train,87
2018-05-08,Robbery - Business,"Other Commercial / Corporate Places (For Profit, Warehouse, Corp. Bldg)",33
2014-12-10,Unlawfully In Dwelling-House,"Commercial Dwelling Unit (Hotel, Motel, B & B, Short Term Rental)",110
2021-05-04,Robbery - Purse Snatch,Bar / Restaurant,45
2015-11-30,Robbery - Business,Bar / Restaurant,4
2022-09-30,B&E W'Intent,"Single Home, House (Attach Garage, Cottage, Mobile)",60
2020-05-09,B&E W'Intent,Ttc Subway Station,95
2018-10-17,Assault,"Apartment (Rooming House, Condo)",139
2024-04-27,B&E,"Streets, Roads, Highways (Bicycle Path, Private Road)",155
2014-07-03,B&E W'Intent,Bar / Restaurant,102
2022-10-25,Robbery - Purse Snatch,"Apartment (Rooming House, Condo)",10
2024-03-15,Unlawfully In Dwelling-House,"Streets, Roads, Highways (Bicycle Path, Private Road)",43
2015-07-14,Assault,"Streets, Roads, Highways (Bicycle Path, Private Road)",142
2014-03-31,B&E,Ttc Subway Train,27
2020-11-03,Theft Over,Ttc Subway Train,34
2016-02-22,Robbery - Business,"Apartment (Rooming House, Condo)",116
2021-09-05,Unlawfully In Dwelling-House,Ttc Subway Train,60
2016-12-18,Theft Over,Ttc Subway Train,1
2014-12-22,B&E,"Other Commercial / Corporate Places (For Profit, Warehouse, Corp. Bldg)",112
2015-01-25,Robbery With Weapon,Ttc Subway Train,49
2019-03-10,Assault Peace Officer,"Apartment (Rooming House, Condo)",37
2019-02-26,Theft Over,Ttc Subway Station,49
2023-09-28,Assault Peace Officer,Ttc Subway Train,78
2021-07-03,Robbery - Purse Snatch,Ttc Subway Train,112
2024-02-25,Theft Over,Ttc Subway Station,26
2017-03-01,Robbery - Purse Snatch,"Streets, Roads, Highways (Bicycle Path, Private Road)",115
2024-05-17,Robbery - Purse Snatch,"Single Home, House (Attach Garage, Cottage, Mobile)",26
2020-05-06,Robbery - Business,"Apartment (Rooming House, Condo)",38
2015-01-14,B&E,"Commercial Dwelling Unit (Hotel, Motel, B & B, Short Term Rental)",142
2015-06-01,Theft Over,"Other Commercial / Corporate Places (For Profit, Warehouse, Corp. Bldg)",115
2020-10-21,Assault Peace Officer,"Apartment (Rooming House, Condo)",54
2018-01-03,Theft Over,"Commercial Dwelling Unit (Hotel, Motel, B & B, Short Term Rental)",52
2023-09-13,Assault Peace Officer,"Streets, Roads, Highways (Bicycle Path, Private Road)",88
2021-04-26,Theft Over,Ttc Subway Station,43
2014-09-27,Unlawfully In Dwelling-House,Bar / Restaurant,1
2017-08-02,Unlawfully In Dwelling-House,"Other Commercial / Corporate Places (For Profit, Warehouse, Corp. Bldg)",18
2022-11-12,Robbery - Purse Snatch,Ttc Subway Station,150
2014-06-07,Robbery - Purse Snatch,Ttc Subway Station,16
2023-05-15,Assault,Ttc Subway Station,53
2024-04-24,B&E W'Intent,"Commercial Dwelling Unit (Hotel, Motel, B & B, Short Term Rental)",42
2014-12-09,B&E,Ttc Subway Train,51
2023-08-19,Unlawfully In Dwelling-House,"Commercial Dwelling Unit (Hotel, Motel, B & B, Short Term Rental)",133
2015-07-16,B&E,"Other Commercial / Corporate Places (For Profit, Warehouse, Corp. Bldg)",87
2021-04-30,Robbery - Business,"Other Commercial / Corporate Places (For Profit, Warehouse, Corp. Bldg)",72
2023-01-08,Assault With Weapon,Ttc Subway Station,132
2018-02-08,Assault,"Single Home, House (Attach Garage, Cottage, Mobile)",110
2023-04-16,Robbery With Weapon,Bar / Restaurant,123
2014-11-03,Assault,Ttc Subway Station,110
2023-02-19,Assault,"Other Commercial / Corporate Places (For Profit, Warehouse, Corp. Bldg)",4
2016-08-02,B&E,"Streets, Roads, Highways (Bicycle Path, Private Road)",121
2022-02-15,Assault With Weapon,Ttc Subway Station,10
2014-05-31,B&E W'Intent,"Single Home, House (Attach Garage, Cottage, Mobile)",155
2020-09-21,Robbery - Business,"Commercial Dwelling Unit (Hotel, Motel, B & B, Short Term Rental)",105
2022-11-10,Robbery - Purse Snatch,"Single Home, House (Attach Garage, Cottage, Mobile)",29
2017-07-30,Robbery - Purse Snatch,"Apartment (Rooming House, Condo)",53
2016-06-28,Unlawfully In Dwelling-House,"Commercial Dwelling Unit (Hotel, Motel, B & B, Short Term Rental)",95
2017-04-28,B&E W'Intent,"Commercial Dwelling Unit (Hotel, Motel, B & B, Short Term Rental)",147
2022-05-05,B&E,"Single Home, House (Attach Garage, Cottage, Mobile)",142
2018-01-03,Unlawfully In Dwelling-House,"Commercial Dwelling Unit (Hotel, Motel, B & B, Short Term Rental)",66
2017-08-30,Robbery - Business,"Streets, Roads, Highways (Bicycle Path, Private Road)",137
2014-09-27,Assault Peace Officer,"Streets, Roads, Highways (Bicycle Path, Private Road)",20
2019-10-31,Unlawfully In Dwelling-House,"Commercial Dwelling Unit (Hotel, Motel, B & B, Short Term Rental)",51
2024-02-03,Robbery - Purse Snatch,"Single Home, House (Attach Garage, Cottage, Mobile)",137
2015-04-11,Robbery With Weapon,Ttc Subway Train,102
2024-04-10,Assault With Weapon,"Apartment (Rooming House, Condo)",65
2022-02-01,Robbery - Purse Snatch,"Apartment (Rooming House, Condo)",129
2020-10-31,Assault Peace Officer,Ttc Subway Train,132
2017-11-25,Unlawfully In Dwelling-House,Ttc Subway Train,15
2018-11-14,Unlawfully In Dwelling-House,"Commercial Dwelling Unit (Hotel, Motel, B & B, Short Term Rental)",116
2015-10-16,Robbery With Weapon,Ttc Subway Train,49
2015-10-05,Theft Over,Ttc Subway Train,47
2016-11-09,Unlawfully In Dwelling-House,Ttc Subway Station,72
2024-01-07,Assault,Bar / Restaurant,86
2018-05-13,B&E,Ttc Subway Station,17
2015-09-01,Assault,"Streets, Roads, Highways (Bicycle Path, Private Road)",126
2018-11-01,B&E W'Intent,"Apartment (Rooming House, Condo)",31
2022-02-28,Theft Over,"Single Home, House (Attach Garage, Cottage, Mobile)",67
2022-10-08,Robbery - Business,"Other Commercial / Corporate Places (For Profit, Warehouse, Corp. Bldg)",47
2014-09-23,B&E W'Intent,Ttc Subway Train,8
2015-02-12,Assault With Weapon,"Other Commercial / Corporate Places (For Profit, Warehouse, Corp. Bldg)",67
2019-12-29,Robbery With Weapon,"Streets, Roads, Highways (Bicycle Path, Private Road)",67
2016-06-29,Robbery With Weapon,"Single Home, House (Attach Garage, Cottage, Mobile)",44
2014-12-02,Assault With Weapon,"Apartment (Rooming House, Condo)",74
2017-04-14,B&E,"Commercial Dwelling Unit (Hotel, Motel, B & B, Short Term Rental)",50
2024-05-15,Robbery With Weapon,Ttc Subway Station,83
2015-12-24,Unlawfully In Dwelling-House,"Single Home, House (Attach Garage, Cottage, Mobile)",15
2017-10-11,Robbery - Purse Snatch,"Commercial Dwelling Unit (Hotel, Motel, B & B, Short Term Rental)",67
2022-05-27,Robbery - Purse Snatch,Bar / Restaurant,23
2016-03-24,Robbery With Weapon,"Other Commercial / Corporate Places (For Profit, Warehouse, Corp. Bldg)",28
2015-03-22,Assault With Weapon,"Other Commercial / Corporate Places (For Profit, Warehouse, Corp. Bldg)",119
2014-07-27,B&E W'Intent,"Other Commercial / Corporate Places (For Profit, Warehouse, Corp. Bldg)",22
2014-08-22,Theft Over,"Commercial Dwelling Unit (Hotel, Motel, B & B, Short Term Rental)",13
2020-03-25,Unlawfully In Dwelling-House,"Streets, Roads, Highways (Bicycle Path, Private Road)",2
2022-10-26,Theft Over,Ttc Subway Station,137
2022-04-03,Assault With Weapon,"Streets, Roads, Highways (Bicycle Path, Private Road)",46
2015-12-28,Theft Over,"Commercial Dwelling Unit (Hotel, Motel, B & B, Short Term Rental)",96
2023-04-02,Assault,"Apartment (Rooming House, Condo)",55
2015-11-30,Robbery With Weapon,Ttc Subway Train,44
2020-04-09,Assault With Weapon,"Streets, Roads, Highways (Bicycle Path, Private Road)",108
2021-03-03,Assault,"Streets, Roads, Highways (Bicycle Path, Private Road)",12
2017-08-30,Robbery - Purse Snatch,Ttc Subway Station,134
2017-04-23,B&E,"Single Home, House (Attach Garage, Cottage, Mobile)",45
2023-11-21,Robbery With Weapon,"Commercial Dwelling Unit (Hotel, Motel, B & B, Short Term Rental)",58
2016-09-18,Assault Peace Officer,Bar / Restaurant,73
2022-04-03,Robbery - Purse Snatch,Ttc Subway Train,103
2019-08-11,B&E,"Single Home, House (Attach Garage, Cottage, Mobile)",83
2019-05-15,Theft Over,"Commercial Dwelling Unit (Hotel, Motel, B & B, Short Term Rental)",34
2015-03-30,Unlawfully In Dwelling-House,"Single Home, House (Attach Garage, Cottage, Mobile)",151
2020-04-23,B&E,"Streets, Roads, Highways (Bicycle Path, Private Road)",114
2022-01-20,Assault,"Commercial Dwelling Unit (Hotel, Motel, B & B, Short Term Rental)",78
2014-12-05,B&E,"Single Home, House (Attach Garage, Cottage, Mobile)",150
2015-07-17,Unlawfully In Dwelling-House,"Commercial Dwelling Unit (Hotel, Motel, B & B, Short Term Rental)",33
2024-06-10,Robbery With Weapon,Bar / Restaurant,81
2022-05-28,Theft Over,"Apartment (Rooming House, Condo)",33
2015-06-27,Assault Peace Officer,Ttc Subway Station,12
2016-07-11,Assault,"Other Commercial / Corporate Places (For Profit, Warehouse, Corp. Bldg)",29
2017-08-30,Theft Over,"Commercial Dwelling Unit (Hotel, Motel, B & B, Short Term Rental)",11
2016-06-11,Assault Peace Officer,Ttc Subway Station,56
2018-07-28,Assault,Ttc Subway Train,72
2015-12-13,Robbery - Business,"Other Commercial / Corporate Places (For Profit, Warehouse, Corp. Bldg)",114
2015-11-23,Assault,"Streets, Roads, Highways (Bicycle Path, Private Road)",34
2015-07-07,Assault With Weapon,Ttc Subway Train,74
2022-07-18,Robbery With Weapon,Ttc Subway Train,146
2018-12-08,Robbery - Purse Snatch,"Streets, Roads, Highways (Bicycle Path, Private Road)",43
2014-09-06,Robbery With Weapon,"Streets, Roads, Highways (Bicycle Path, Private Road)",122
2021-10-16,Robbery - Purse Snatch,Bar / Restaurant,112
2023-12-14,Robbery With Weapon,"Apartment (Rooming House, Condo)",41
2019-01-10,Unlawfully In Dwelling-House,"Apartment (Rooming House, Condo)",61
2020-07-25,Robbery - Purse Snatch,"Apartment (Rooming House, Condo)",133
2021-06-27,Robbery - Business,Bar / Restaurant,111
2020-11-17,Theft Over,Bar / Restaurant,105
2017-03-21,Unlawfully In Dwelling-House,"Single Home, House (Attach Garage, Cottage, Mobile)",145
2018-08-26,Assault Peace Officer,"Single Home, House (Attach Garage, Cottage, Mobile)",73
2023-02-17,Assault Peace Officer,"Commercial Dwelling Unit (Hotel, Motel, B & B, Short Term Rental)",134
2018-11-23,Assault With Weapon,"Other Commercial / Corporate Places (For Profit, Warehouse, Corp. Bldg)",4
2020-06-25,Unlawfully In Dwelling-House,Ttc Subway Train,113
2021-09-12,Assault Peace Officer,Ttc Subway Train,107
2024-01-20,Assault,Bar / Restaurant,130
2022-04-07,B&E W'Intent,Bar / Restaurant,141
2024-05-06,Robbery With Weapon,Ttc Subway Station,51
2018-03-03,Theft Over,"Commercial Dwelling Unit (Hotel, Motel, B & B, Short Term Rental)",152
2021-10-04,Unlawfully In Dwelling-House,Ttc Subway Train,22
2020-04-28,Robbery With Weapon,"Single Home, House (Attach Garage, Cottage, Mobile)",135
2021-12-17,B&E,Ttc Subway Train,98
2019-06-28,Unlawfully In Dwelling-House,Ttc Subway Station,83
2023-09-27,Unlawfully In Dwelling-House,"Commercial Dwelling Unit (Hotel, Motel, B & B, Short Term Rental)",53
2018-02-09,Assault,Ttc Subway Train,82
2022-03-27,Robbery With Weapon,"Other Commercial / Corporate Places (For Profit, Warehouse, Corp. Bldg)",74
2023-06-19,Robbery - Purse Snatch,"Single Home, House (Attach Garage, Cottage, Mobile)",13
2022-09-28,Unlawfully In Dwelling-House,Bar / Restaurant,1
2019-12-02,Assault With Weapon,"Other Commercial / Corporate Places (For Profit, Warehouse, Corp. Bldg)",36
2016-02-06,Robbery With Weapon,"Streets, Roads, Highways (Bicycle Path, Private Road)",154
2017-06-17,Assault With Weapon,"Apartment (Rooming House, Condo)",108
2016-12-24,Assault With Weapon,"Streets, Roads, Highways (Bicycle Path, Private Road)",133
2021-08-16,Robbery - Purse Snatch,"Streets, Roads, Highways (Bicycle Path, Private Road)",144
2019-05-03,Theft Over,"Commercial Dwelling Unit (Hotel, Motel, B & B, Short Term Rental)",99
2023-05-05,Robbery With Weapon,Bar / Restaurant,46
2015-06-07,B&E W'Intent,"Apartment (Rooming House, Condo)",140
2023-05-29,Robbery - Business,"Streets, Roads, Highways (Bicycle Path, Private Road)",50
2023-05-24,Theft Over,Ttc Subway Station,101
2017-02-07,Assault Peace Officer,"Single Home, House (Attach Garage, Cottage, Mobile)",87
2019-08-09,Unlawfully In Dwelling-House,Bar / Restaurant,143
2021-02-14,Assault,Ttc Subway Station,4
2019-09-05,Unlawfully In Dwelling-House,"Other Commercial / Corporate Places (For Profit, Warehouse, Corp. Bldg)",112
2019-12-25,Robbery - Business,"Streets, Roads, Highways (Bicycle Path, Private Road)",91
2022-11-05,B&E W'Intent,"Single Home, House (Attach Garage, Cottage, Mobile)",89
2019-09-27,Assault With Weapon,Ttc Subway Train,138
2017-03-29,Theft Over,"Streets, Roads, Highways (Bicycle Path, Private Road)",143
2023-01-18,Robbery - Business,"Single Home, House (Attach Garage, Cottage, Mobile)",114
2016-06-08,Robbery With Weapon,"Commercial Dwelling Unit (Hotel, Motel, B & B, Short Term Rental)",69
2020-05-16,Robbery - Purse Snatch,"Commercial Dwelling Unit (Hotel, Motel, B & B, Short Term Rental)",127
2019-11-26,B&E,"Streets, Roads, Highways (Bicycle Path, Private Road)",137
2018-05-19,Assault With Weapon,"Commercial Dwelling Unit (Hotel, Motel, B & B, Short Term Rental)",117
2022-08-06,B&E W'Intent,"Other Commercial / Corporate Places (For Profit, Warehouse, Corp. Bldg)",120
2015-07-06,B&E,"Single Home, House (Attach Garage, Cottage, Mobile)",136
2023-04-01,Assault,"Commercial Dwelling Unit (Hotel, Motel, B & B, Short Term Rental)",72
2019-06-24,B&E,"Apartment (Rooming House, Condo)",8
2021-04-04,Robbery With Weapon,Ttc Subway Train,149
2019-05-03,Unlawfully In Dwelling-House,"Other Commercial / Corporate Places (For Profit, Warehouse, Corp. Bldg)",11
2015-05-23,Robbery - Business,"Streets, Roads, Highways (Bicycle Path, Private Road)",59
2017-04-06,B&E W'Intent,Ttc Subway Station,61
2018-06-02,Assault,"Apartment (Rooming House, Condo)",44
2014-05-11,Theft Over,"Streets, Roads, Highways (Bicycle Path, Private Road)",45
2014-05-23,Robbery With Weapon,Ttc Subway Train,26
2023-09-29,Robbery - Purse Snatch,Bar / Restaurant,87
2018-03-01,Assault Peace Officer,"Single Home, House (Attach Garage, Cottage, Mobile)",69
2019-09-06,Assault With Weapon,Bar / Restaurant,102
2017-04-26,Unlawfully In Dwelling-House,Ttc Subway Train,98
2017-11-21,Theft Over,"Streets, Roads, Highways (Bicycle Path, Private Road)",154
2018-03-16,B&E W'Intent,Bar / Restaurant,127
2021-11-01,Assault,"Apartment (Rooming House, Condo)",124
2014-04-23,Theft Over,"Streets, Roads, Highways (Bicycle Path, Private Road)",118
2020-12-19,Theft Over,"Single Home, House (Attach Garage, Cottage, Mobile)",131
2015-08-09,Theft Over,"Other Commercial / Corporate Places (For Profit, Warehouse, Corp. Bldg)",39
2023-04-23,Robbery - Business,"Other Commercial / Corporate Places (For Profit, Warehouse, Corp. Bldg)",129
2021-09-19,Unlawfully In Dwelling-House,"Commercial Dwelling Unit (Hotel, Motel, B & B, Short Term Rental)",15
2014-02-28,Assault,Ttc Subway Station,9
2014-11-22,Theft Over,"Streets, Roads, Highways (Bicycle Path, Private Road)",35
2023-04-13,B&E W'Intent,Bar / Restaurant,151
2016-01-26,Assault Peace Officer,Bar / Restaurant,38
2019-01-12,Robbery - Purse Snatch,"Apartment (Rooming House, Condo)",44
2020-07-02,Unlawfully In Dwelling-House,"Commercial Dwelling Unit (Hotel, Motel, B & B, Short Term Rental)",2
2015-06-05,B&E,Ttc Subway Train,58
2022-08-10,Robbery - Purse Snatch,"Single Home, House (Attach Garage, Cottage, Mobile)",52
2023-06-09,B&E,"Other Commercial / Corporate Places (For Profit, Warehouse, Corp. Bldg)",75
2018-10-08,Assault,Ttc Subway Station,74
2020-04-28,Assault With Weapon,Ttc Subway Train,108
2021-01-24,Robbery - Purse Snatch,"Apartment (Rooming House, Condo)",26
2020-06-27,Robbery - Business,Ttc Subway Train,20
2023-11-01,Robbery With Weapon,"Other Commercial / Corporate Places (For Profit, Warehouse, Corp. Bldg)",12
2015-03-18,Assault Peace Officer,Ttc Subway Train,102
2018-03-06,B&E W'Intent,"Single Home, House (Attach Garage, Cottage, Mobile)",100
2019-08-19,Assault Peace Officer,Ttc Subway Station,89
2014-06-11,Robbery With Weapon,"Single Home, House (Attach Garage, Cottage, Mobile)",35
2020-09-27,Robbery With Weapon,"Streets, Roads, Highways (Bicycle Path, Private Road)",84
2022-01-09,Assault Peace Officer,Bar / Restaurant,40
2021-05-09,Unlawfully In Dwelling-House,"Streets, Roads, Highways (Bicycle Path, Private Road)",61
2018-02-18,Robbery With Weapon,"Other Commercial / Corporate Places (For Profit, Warehouse, Corp. Bldg)",96
2018-01-05,B&E,"Commercial Dwelling Unit (Hotel, Motel, B & B, Short Term Rental)",59
2015-03-11,Assault,Ttc Subway Station,22
2017-08-01,Robbery - Business,"Other Commercial / Corporate Places (For Profit, Warehouse, Corp. Bldg)",24
2021-04-16,Assault Peace Officer,Ttc Subway Station,113
2015-02-22,Robbery - Purse Snatch,Bar / Restaurant,31
2019-05-06,B&E,"Other Commercial / Corporate Places (For Profit, Warehouse, Corp. Bldg)",8
2023-06-16,Robbery - Business,"Single Home, House (Attach Garage, Cottage, Mobile)",151
2015-11-26,Assault With Weapon,"Other Commercial / Corporate Places (For Profit, Warehouse, Corp. Bldg)",155
2021-03-30,Assault,Ttc Subway Train,44
2016-08-22,Assault Peace Officer,"Streets, Roads, Highways (Bicycle Path, Private Road)",156
2019-05-07,Assault,Bar / Restaurant,84
2018-02-03,Robbery With Weapon,"Apartment (Rooming House, Condo)",24
2020-06-17,Robbery - Purse Snatch,Ttc Subway Train,96
2017-11-18,Robbery With Weapon,"Other Commercial / Corporate Places (For Profit, Warehouse, Corp. Bldg)",108
2024-06-16,Robbery With Weapon,Bar / Restaurant,14
2018-03-02,Theft Over,Bar / Restaurant,60
2022-06-12,Robbery With Weapon,"Streets, Roads, Highways (Bicycle Path, Private Road)",68
2023-01-22,Robbery - Business,Ttc Subway Station,112
2018-10-25,Assault Peace Officer,Ttc Subway Train,87
2018-03-15,Robbery With Weapon,Ttc Subway Train,151
2022-04-30,Assault Peace Officer,"Commercial Dwelling Unit (Hotel, Motel, B & B, Short Term Rental)",142
2021-01-18,Assault Peace Officer,"Commercial Dwelling Unit (Hotel, Motel, B & B, Short Term Rental)",80
2021-07-07,Assault,"Apartment (Rooming House, Condo)",44
2014-06-07,Robbery - Business,Ttc Subway Station,137
2022-03-27,Assault Peace Officer,"Streets, Roads, Highways (Bicycle Path, Private Road)",4
2015-07-30,B&E,"Commercial Dwelling Unit (Hotel, Motel, B & B, Short Term Rental)",104
2024-05-31,B&E W'Intent,"Commercial Dwelling Unit (Hotel, Motel, B & B, Short Term Rental)",140
2021-12-16,Assault With Weapon,"Streets, Roads, Highways (Bicycle Path, Private Road)",62
2021-06-07,Robbery - Purse Snatch,Bar / Restaurant,37
2023-12-26,Robbery - Purse Snatch,Ttc Subway Station,66
2021-04-18,Assault Peace Officer,"Other Commercial / Corporate Places (For Profit, Warehouse, Corp. Bldg)",32
2017-07-05,Robbery - Business,Ttc Subway Station,32
2014-09-06,Robbery With Weapon,Bar / Restaurant,23
2014-05-12,Robbery With Weapon,"Commercial Dwelling Unit (Hotel, Motel, B & B, Short Term Rental)",43
2016-08-09,Assault With Weapon,"Apartment (Rooming House, Condo)",111
2019-09-19,Assault With Weapon,"Single Home, House (Attach Garage, Cottage, Mobile)",26
2018-01-15,Assault With Weapon,"Streets, Roads, Highways (Bicycle Path, Private Road)",11
2019-06-03,Theft Over,Ttc Subway Train,98
2018-02-08,Robbery - Purse Snatch,Ttc Subway Station,120
2019-05-03,B&E W'Intent,"Commercial Dwelling Unit (Hotel, Motel, B & B, Short Term Rental)",27
2020-04-17,Robbery - Business,"Streets, Roads, Highways (Bicycle Path, Private Road)",54
2015-12-10,Theft Over,"Commercial Dwelling Unit (Hotel, Motel, B & B, Short Term Rental)",115
2017-05-19,Assault,"Streets, Roads, Highways (Bicycle Path, Private Road)",150
2015-07-25,Assault With Weapon,"Commercial Dwelling Unit (Hotel, Motel, B & B, Short Term Rental)",146
2021-04-03,Assault With Weapon,"Apartment (Rooming House, Condo)",122
2016-12-26,Assault Peace Officer,Ttc Subway Station,124
2022-10-24,Assault Peace Officer,Bar / Restaurant,46
2014-04-03,Robbery With Weapon,"Streets, Roads, Highways (Bicycle Path, Private Road)",153
2022-10-13,B&E,Ttc Subway Station,2
2018-12-10,Robbery - Business,Ttc Subway Train,55
2022-04-24,Robbery - Business,"Single Home, House (Attach Garage, Cottage, Mobile)",125
2017-03-23,B&E,"Streets, Roads, Highways (Bicycle Path, Private Road)",16
2020-07-19,Theft Over,"Apartment (Rooming House, Condo)",47
2021-09-03,B&E,Ttc Subway Station,52
2016-12-03,B&E W'Intent,Ttc Subway Station,144
2019-02-03,Assault,"Single Home, House (Attach Garage, Cottage, Mobile)",115
2023-06-08,Robbery With Weapon,"Commercial Dwelling Unit (Hotel, Motel, B & B, Short Term Rental)",131
2017-04-28,Robbery With Weapon,Ttc Subway Train,42
2017-03-31,Theft Over,"Other Commercial / Corporate Places (For Profit, Warehouse, Corp. Bldg)",110
2018-07-09,Robbery With Weapon,"Streets, Roads, Highways (Bicycle Path, Private Road)",15
2023-08-23,Unlawfully In Dwelling-House,"Other Commercial / Corporate Places (For Profit, Warehouse, Corp. Bldg)",76
2019-07-29,B&E,"Apartment (Rooming House, Condo)",20
2019-01-05,Assault With Weapon,Bar / Restaurant,113
2021-05-12,Assault Peace Officer,"Commercial Dwelling Unit (Hotel, Motel, B & B, Short Term Rental)",7
2021-01-20,Assault,"Apartment (Rooming House, Condo)",89
2014-12-30,Robbery - Business,"Streets, Roads, Highways (Bicycle Path, Private Road)",136
2019-08-06,Assault,"Single Home, House (Attach Garage, Cottage, Mobile)",113
2024-01-26,Robbery - Purse Snatch,Ttc Subway Station,3
2021-05-01,Robbery With Weapon,"Single Home, House (Attach Garage, Cottage, Mobile)",108
2018-12-02,Unlawfully In Dwelling-House,"Single Home, House (Attach Garage, Cottage, Mobile)",52
2017-10-27,Assault With Weapon,"Commercial Dwelling Unit (Hotel, Motel, B & B, Short Term Rental)",79
2015-07-10,Assault,Ttc Subway Station,69
2020-06-26,B&E,Ttc Subway Station,1
2022-04-04,Robbery - Purse Snatch,"Single Home, House (Attach Garage, Cottage, Mobile)",4
2015-03-19,Assault With Weapon,Ttc Subway Station,76
2018-01-19,Robbery With Weapon,"Commercial Dwelling Unit (Hotel, Motel, B & B, Short Term Rental)",48
2022-01-17,Theft Over,"Streets, Roads, Highways (Bicycle Path, Private Road)",5
2020-09-24,Unlawfully In Dwelling-House,"Streets, Roads, Highways (Bicycle Path, Private Road)",38
2021-06-23,Unlawfully In Dwelling-House,Bar / Restaurant,63
2019-02-12,Robbery - Purse Snatch,Ttc Subway Station,25
2018-01-20,Theft Over,Ttc Subway Station,125
2019-04-09,Assault With Weapon,Ttc Subway Station,73
2020-06-03,Assault Peace Officer,"Other Commercial / Corporate Places (For Profit, Warehouse, Corp. Bldg)",67
2018-04-20,Assault Peace Officer,"Commercial Dwelling Unit (Hotel, Motel, B & B, Short Term Rental)",134
2016-04-11,B&E,"Streets, Roads, Highways (Bicycle Path, Private Road)",64
2020-02-16,Robbery - Business,"Streets, Roads, Highways (Bicycle Path, Private Road)",137
2019-11-13,Robbery - Purse Snatch,"Apartment (Rooming House, Condo)",82
2021-12-14,Robbery With Weapon,Bar / Restaurant,19
2020-08-12,Assault Peace Officer,"Commercial Dwelling Unit (Hotel, Motel, B & B, Short Term Rental)",33
2015-12-12,Theft Over,Bar / Restaurant,141
2022-10-08,Theft Over,"Single Home, House (Attach Garage, Cottage, Mobile)",21
2015-08-21,Robbery - Business,Ttc Subway Station,128
2019-08-27,Robbery With Weapon,"Apartment (Rooming House, Condo)",37
2023-03-25,Assault,"Single Home, House (Attach Garage, Cottage, Mobile)",51
2014-05-21,B&E,"Commercial Dwelling Unit (Hotel, Motel, B & B, Short Term Rental)",156
2014-12-28,Robbery - Purse Snatch,"Streets, Roads, Highways (Bicycle Path, Private Road)",126
2020-02-23,Theft Over,"Commercial Dwelling Unit (Hotel, Motel, B & B, Short Term Rental)",11
2022-11-22,B&E W'Intent,"Other Commercial / Corporate Places (For Profit, Warehouse, Corp. Bldg)",11
2021-06-16,Theft Over,Ttc Subway Station,127
2022-07-06,Robbery - Business,Bar / Restaurant,77
2017-06-28,Assault Peace Officer,"Single Home, House (Attach Garage, Cottage, Mobile)",91
2016-06-09,Robbery - Business,Bar / Restaurant,145
2015-08-26,Robbery With Weapon,"Apartment (Rooming House, Condo)",140
2021-02-17,Assault,"Other Commercial / Corporate Places (For Profit, Warehouse, Corp. Bldg)",63
2018-06-29,Robbery With Weapon,Ttc Subway Station,37
2016-11-03,Robbery With Weapon,"Other Commercial / Corporate Places (For Profit, Warehouse, Corp. Bldg)",38
2023-11-20,Robbery - Business,"Single Home, House (Attach Garage, Cottage, Mobile)",37
2022-12-17,B&E,Ttc Subway Train,17
2016-03-18,Unlawfully In Dwelling-House,"Single Home, House (Attach Garage, Cottage, Mobile)",50
2015-04-18,Assault,"Single Home, House (Attach Garage, Cottage, Mobile)",117
2014-02-26,Assault With Weapon,Bar / Restaurant,149
2014-05-29,Assault Peace Officer,Ttc Subway Train,122
2018-12-19,B&E,"Other Commercial / Corporate Places (For Profit, Warehouse, Corp. Bldg)",48
2022-01-21,Robbery - Business,Ttc Subway Station,56
2023-04-18,Robbery With Weapon,Bar / Restaurant,121
2016-05-16,Robbery - Business,Bar / Restaurant,11
2017-07-19,Robbery - Purse Snatch,"Commercial Dwelling Unit (Hotel, Motel, B & B, Short Term Rental)",95
2017-07-10,B&E W'Intent,"Other Commercial / Corporate Places (For Profit, Warehouse, Corp. Bldg)",7
2014-04-24,Assault Peace Officer,"Single Home, House (Attach Garage, Cottage, Mobile)",123
2014-01-22,Assault,Ttc Subway Station,69
2022-04-02,Robbery - Business,Bar / Restaurant,89
2014-03-09,B&E W'Intent,"Single Home, House (Attach Garage, Cottage, Mobile)",120
2022-04-09,B&E W'Intent,"Streets, Roads, Highways (Bicycle Path, Private Road)",43
2015-06-08,B&E W'Intent,"Commercial Dwelling Unit (Hotel, Motel, B & B, Short Term Rental)",113
2020-06-15,Assault With Weapon,"Streets, Roads, Highways (Bicycle Path, Private Road)",32
2017-05-22,Robbery - Business,"Other Commercial / Corporate Places (For Profit, Warehouse, Corp. Bldg)",104
2021-03-07,Unlawfully In Dwelling-House,"Apartment (Rooming House, Condo)",118
2017-06-25,Assault Peace Officer,"Other Commercial / Corporate Places (For Profit, Warehouse, Corp. Bldg)",1
2014-02-14,B&E W'Intent,Bar / Restaurant,135
2014-06-30,Robbery With Weapon,"Streets, Roads, Highways (Bicycle Path, Private Road)",28
2023-02-10,Theft Over,"Apartment (Rooming House, Condo)",80
2016-05-23,B&E,Bar / Restaurant,155
2017-09-08,Assault Peace Officer,"Commercial Dwelling Unit (Hotel, Motel, B & B, Short Term Rental)",109
2017-07-20,Robbery With Weapon,"Commercial Dwelling Unit (Hotel, Motel, B & B, Short Term Rental)",82
2023-08-01,Robbery - Business,"Other Commercial / Corporate Places (For Profit, Warehouse, Corp. Bldg)",118
2015-01-17,Assault Peace Officer,"Streets, Roads, Highways (Bicycle Path, Private Road)",111
2018-08-24,B&E,Ttc Subway Station,148
2016-08-17,Theft Over,Ttc Subway Station,128
2024-03-20,B&E W'Intent,"Streets, Roads, Highways (Bicycle Path, Private Road)",97
2023-06-30,Assault,"Commercial Dwelling Unit (Hotel, Motel, B & B, Short Term Rental)",3
2014-01-01,Assault With Weapon,"Streets, Roads, Highways (Bicycle Path, Private Road)",29
2023-10-01,Theft Over,Ttc Subway Station,75
2021-08-22,B&E,"Single Home, House (Attach Garage, Cottage, Mobile)",33
2015-01-27,B&E W'Intent,"Streets, Roads, Highways (Bicycle Path, Private Road)",72
2019-10-15,Unlawfully In Dwelling-House,"Single Home, House (Attach Garage, Cottage, Mobile)",94
2019-09-23,Robbery With Weapon,Bar / Restaurant,94
2016-04-08,Assault Peace Officer,"Other Commercial / Corporate Places (For Profit, Warehouse, Corp. Bldg)",63
2019-05-26,Assault With Weapon,Ttc Subway Station,52
2024-04-09,Robbery With Weapon,"Single Home, House (Attach Garage, Cottage, Mobile)",139
2022-06-23,Theft Over,"Streets, Roads, Highways (Bicycle Path, Private Road)",50
2022-01-14,Theft Over,"Single Home, House (Attach Garage, Cottage, Mobile)",95
2023-03-09,B&E,Ttc Subway Train,37
2018-09-22,B&E,"Apartment (Rooming House, Condo)",12
2024-02-26,Unlawfully In Dwelling-House,"Single Home, House (Attach Garage, Cottage, Mobile)",43
2015-04-03,Robbery - Business,"Streets, Roads, Highways (Bicycle Path, Private Road)",23
2018-10-07,Theft Over,Ttc Subway Station,75
2019-09-06,Robbery - Purse Snatch,"Apartment (Rooming House, Condo)",92
2015-08-28,Assault With Weapon,"Apartment (Rooming House, Condo)",146
2014-11-01,B&E W'Intent,Ttc Subway Station,46
2015-08-20,Robbery With Weapon,"Single Home, House (Attach Garage, Cottage, Mobile)",9
2021-05-17,Robbery - Business,"Single Home, House (Attach Garage, Cottage, Mobile)",125
2021-12-14,Assault With Weapon,"Streets, Roads, Highways (Bicycle Path, Private Road)",53
2022-09-23,Assault Peace Officer,"Single Home, House (Attach Garage, Cottage, Mobile)",78
2022-10-27,Robbery With Weapon,"Streets, Roads, Highways (Bicycle Path, Private Road)",49
2021-06-15,Assault,Ttc Subway Train,140
2021-11-27,Unlawfully In Dwelling-House,Ttc Subway Station,24
2017-11-18,Unlawfully In Dwelling-House,Bar / Restaurant,145
2020-09-11,Assault,"Other Commercial / Corporate Places (For Profit, Warehouse, Corp. Bldg)",126
2018-11-21,Assault With Weapon,Bar / Restaurant,2
2021-05-13,Robbery - Purse Snatch,"Streets, Roads, Highways (Bicycle Path, Private Road)",147
2014-07-23,Robbery - Purse Snatch,"Other Commercial / Corporate Places (For Profit, Warehouse, Corp. Bldg)",38
2016-11-01,Theft Over,"Single Home, House (Attach Garage, Cottage, Mobile)",135
2018-08-05,B&E,"Other Commercial / Corporate Places (For Profit, Warehouse, Corp. Bldg)",103
2021-10-12,Unlawfully In Dwelling-House,"Single Home, House (Attach Garage, Cottage, Mobile)",33
2021-06-09,Robbery - Purse Snatch,"Other Commercial / Corporate Places (For Profit, Warehouse, Corp. Bldg)",58
2016-03-25,Robbery With Weapon,"Streets, Roads, Highways (Bicycle Path, Private Road)",29
2014-04-23,Robbery - Business,"Commercial Dwelling Unit (Hotel, Motel, B & B, Short Term Rental)",77
2017-03-11,Robbery With Weapon,Bar / Restaurant,8
2014-09-20,Assault With Weapon,Ttc Subway Train,17
2022-08-18,Theft Over,Ttc Subway Station,64
2019-06-22,Assault,"Streets, Roads, Highways (Bicycle Path, Private Road)",31
2017-07-13,Unlawfully In Dwelling-House,"Commercial Dwelling Unit (Hotel, Motel, B & B, Short Term Rental)",77
2021-10-20,Robbery With Weapon,"Other Commercial / Corporate Places (For Profit, Warehouse, Corp. Bldg)",75
2015-10-22,B&E W'Intent,"Single Home, House (Attach Garage, Cottage, Mobile)",21
2016-07-11,Robbery With Weapon,"Single Home, House (Attach Garage, Cottage, Mobile)",25
2014-08-14,Assault With Weapon,"Streets, Roads, Highways (Bicycle Path, Private Road)",102
2018-06-13,Unlawfully In Dwelling-House,"Single Home, House (Attach Garage, Cottage, Mobile)",8
2023-04-12,B&E,Bar / Restaurant,130
2021-10-08,B&E,Ttc Subway Station,140
2017-06-19,Robbery - Business,"Apartment (Rooming House, Condo)",58
2016-12-12,Assault,"Commercial Dwelling Unit (Hotel, Motel, B & B, Short Term Rental)",133
2017-06-13,Robbery - Purse Snatch,"Streets, Roads, Highways (Bicycle Path, Private Road)",136
2019-11-09,Unlawfully In Dwelling-House,"Other Commercial / Corporate Places (For Profit, Warehouse, Corp. Bldg)",123
2017-02-06,Robbery - Purse Snatch,"Streets, Roads, Highways (Bicycle Path, Private Road)",136
2020-10-04,Robbery - Business,"Single Home, House (Attach Garage, Cottage, Mobile)",90
2014-03-29,Theft Over,"Apartment (Rooming House, Condo)",96
2018-07-21,Robbery With Weapon,"Commercial Dwelling Unit (Hotel, Motel, B & B, Short Term Rental)",119
2022-11-29,Robbery - Purse Snatch,Ttc Subway Train,128
2016-05-02,Assault Peace Officer,"Commercial Dwelling Unit (Hotel, Motel, B & B, Short Term Rental)",27
2021-11-19,B&E W'Intent,Ttc Subway Train,38
2021-10-07,Robbery - Business,Bar / Restaurant,17
2021-10-16,Theft Over,Ttc Subway Station,113
2021-11-10,Robbery - Purse Snatch,"Streets, Roads, Highways (Bicycle Path, Private Road)",100
2016-05-13,Assault Peace Officer,Ttc Subway Station,16
2016-02-13,Robbery - Purse Snatch,"Apartment (Rooming House, Condo)",142
2015-04-03,Assault With Weapon,"Other Commercial / Corporate Places (For Profit, Warehouse, Corp. Bldg)",121
2023-01-19,Assault,Ttc Subway Train,70
2022-08-27,Robbery With Weapon,"Single Home, House (Attach Garage, Cottage, Mobile)",97
2021-05-06,Unlawfully In Dwelling-House,"Commercial Dwelling Unit (Hotel, Motel, B & B, Short Term Rental)",32
2023-09-19,Unlawfully In Dwelling-House,Bar / Restaurant,15
2022-09-30,Assault With Weapon,"Commercial Dwelling Unit (Hotel, Motel, B & B, Short Term Rental)",143
2019-07-17,Unlawfully In Dwelling-House,"Single Home, House (Attach Garage, Cottage, Mobile)",153
2015-09-30,Robbery - Business,Bar / Restaurant,57
2022-01-09,Robbery With Weapon,Bar / Restaurant,23
2023-04-01,Assault With Weapon,"Streets, Roads, Highways (Bicycle Path, Private Road)",140
2017-07-11,Unlawfully In Dwelling-House,Bar / Restaurant,122
2016-09-04,Unlawfully In Dwelling-House,"Single Home, House (Attach Garage, Cottage, Mobile)",6
2021-04-29,Robbery - Business,"Streets, Roads, Highways (Bicycle Path, Private Road)",29
2024-03-01,B&E,"Commercial Dwelling Unit (Hotel, Motel, B & B, Short Term Rental)",106
2014-12-03,B&E W'Intent,Ttc Subway Train,30
2018-11-16,B&E W'Intent,"Commercial Dwelling Unit (Hotel, Motel, B & B, Short Term Rental)",118
2017-11-16,Robbery With Weapon,Bar / Restaurant,5
2024-01-05,Unlawfully In Dwelling-House,"Apartment (Rooming House, Condo)",148
2019-09-03,Theft Over,Ttc Subway Train,100
2023-04-02,Robbery - Business,"Commercial Dwelling Unit (Hotel, Motel, B & B, Short Term Rental)",144
2023-12-06,Assault With Weapon,Ttc Subway Train,84
2020-02-28,Unlawfully In Dwelling-House,"Apartment (Rooming House, Condo)",51
2021-09-01,B&E,"Streets, Roads, Highways (Bicycle Path, Private Road)",109
2019-08-02,B&E,"Commercial Dwelling Unit (Hotel, Motel, B & B, Short Term Rental)",133
2024-03-11,Robbery With Weapon,"Other Commercial / Corporate Places (For Profit, Warehouse, Corp. Bldg)",49
2019-03-11,Assault With Weapon,"Other Commercial / Corporate Places (For Profit, Warehouse, Corp. Bldg)",158
2023-09-30,Robbery - Purse Snatch,"Commercial Dwelling Unit (Hotel, Motel, B & B, Short Term Rental)",125
2020-11-13,Theft Over,"Streets, Roads, Highways (Bicycle Path, Private Road)",113
2018-02-02,Assault,Ttc Subway Train,35
2020-12-03,Robbery With Weapon,"Other Commercial / Corporate Places (For Profit, Warehouse, Corp. Bldg)",97
2015-07-14,Theft Over,"Single Home, House (Attach Garage, Cottage, Mobile)",132
2020-11-30,B&E,"Apartment (Rooming House, Condo)",20
2015-11-09,Assault With Weapon,"Apartment (Rooming House, Condo)",42
2019-04-04,B&E W'Intent,Ttc Subway Station,93
2015-01-31,B&E,"Single Home, House (Attach Garage, Cottage, Mobile)",157
2016-06-24,B&E W'Intent,"Single Home, House (Attach Garage, Cottage, Mobile)",11
2019-10-25,Robbery - Business,"Commercial Dwelling Unit (Hotel, Motel, B & B, Short Term Rental)",55
2022-12-06,Theft Over,"Streets, Roads, Highways (Bicycle Path, Private Road)",115
2017-10-10,Robbery With Weapon,Ttc Subway Train,97
2020-11-04,Robbery With Weapon,"Streets, Roads, Highways (Bicycle Path, Private Road)",122
2015-10-24,Robbery - Purse Snatch,"Streets, Roads, Highways (Bicycle Path, Private Road)",81
2020-03-23,B&E W'Intent,"Single Home, House (Attach Garage, Cottage, Mobile)",95
2016-09-08,Unlawfully In Dwelling-House,Bar / Restaurant,56
2016-06-22,Assault,Ttc Subway Station,145
2018-10-09,Assault Peace Officer,"Streets, Roads, Highways (Bicycle Path, Private Road)",56
2022-02-07,Unlawfully In Dwelling-House,"Single Home, House (Attach Garage, Cottage, Mobile)",22
2021-07-31,Assault,Ttc Subway Station,125
2020-09-11,Assault Peace Officer,Ttc Subway Station,3
2024-04-23,Robbery - Purse Snatch,"Streets, Roads, Highways (Bicycle Path, Private Road)",77
2016-04-02,Unlawfully In Dwelling-House,Bar / Restaurant,3
2017-10-14,Robbery - Business,"Apartment (Rooming House, Condo)",135
2021-09-16,Unlawfully In Dwelling-House,"Streets, Roads, Highways (Bicycle Path, Private Road)",3
2015-06-09,Assault Peace Officer,Ttc Subway Train,118
2020-04-25,Robbery With Weapon,"Streets, Roads, Highways (Bicycle Path, Private Road)",117
2022-09-06,Assault,Ttc Subway Station,89
2016-12-26,Assault,"Single Home, House (Attach Garage, Cottage, Mobile)",108
2014-10-22,Robbery - Business,"Single Home, House (Attach Garage, Cottage, Mobile)",23
2018-12-25,Unlawfully In Dwelling-House,"Streets, Roads, Highways (Bicycle Path, Private Road)",51
2017-08-16,B&E W'Intent,Ttc Subway Train,62
2020-05-28,Unlawfully In Dwelling-House,"Streets, Roads, Highways (Bicycle Path, Private Road)",20
2015-07-31,B&E W'Intent,Bar / Restaurant,85
2021-05-29,Assault Peace Officer,Bar / Restaurant,114
2016-08-26,B&E,Ttc Subway Station,98
2022-01-26,B&E W'Intent,Ttc Subway Train,127
2020-08-28,Assault With Weapon,Bar / Restaurant,65
2018-06-17,Unlawfully In Dwelling-House,"Other Commercial / Corporate Places (For Profit, Warehouse, Corp. Bldg)",132
2023-06-02,Robbery With Weapon,"Apartment (Rooming House, Condo)",25
2014-03-27,Assault,Bar / Restaurant,25
2024-05-02,Robbery - Business,"Apartment (Rooming House, Condo)",20
2017-07-13,Assault With Weapon,"Single Home, House (Attach Garage, Cottage, Mobile)",46
2018-06-22,B&E,"Streets, Roads, Highways (Bicycle Path, Private Road)",115
2017-12-26,Theft Over,"Single Home, House (Attach Garage, Cottage, Mobile)",34
2022-08-15,Robbery With Weapon,"Single Home, House (Attach Garage, Cottage, Mobile)",28
2017-06-24,B&E W'Intent,"Streets, Roads, Highways (Bicycle Path, Private Road)",82
2015-04-30,B&E W'Intent,"Commercial Dwelling Unit (Hotel, Motel, B & B, Short Term Rental)",47
2015-04-28,Robbery With Weapon,Ttc Subway Train,59
2018-04-30,Assault Peace Officer,"Single Home, House (Attach Garage, Cottage, Mobile)",16
2021-08-07,Robbery - Purse Snatch,"Commercial Dwelling Unit (Hotel, Motel, B & B, Short Term Rental)",46
2023-08-10,Assault Peace Officer,Bar / Restaurant,58
2024-05-15,B&E,"Single Home, House (Attach Garage, Cottage, Mobile)",15
2021-06-15,Assault,"Commercial Dwelling Unit (Hotel, Motel, B & B, Short Term Rental)",109
2023-08-15,Robbery - Purse Snatch,"Commercial Dwelling Unit (Hotel, Motel, B & B, Short Term Rental)",95
2019-01-03,Assault With Weapon,"Single Home, House (Attach Garage, Cottage, Mobile)",35
2018-08-11,B&E,Bar / Restaurant,66
2020-09-16,Assault With Weapon,Bar / Restaurant,55
2014-02-12,Theft Over,"Commercial Dwelling Unit (Hotel, Motel, B & B, Short Term Rental)",15
2019-06-19,Assault,"Apartment (Rooming House, Condo)",92
2017-10-15,Unlawfully In Dwelling-House,"Commercial Dwelling Unit (Hotel, Motel, B & B, Short Term Rental)",34
2020-02-22,B&E,"Other Commercial / Corporate Places (For Profit, Warehouse, Corp. Bldg)",86
2022-01-11,Theft Over,"Apartment (Rooming House, Condo)",121
2023-11-30,Assault,"Single Home, House (Attach Garage, Cottage, Mobile)",119
2023-08-24,Assault With Weapon,Ttc Subway Station,81
2024-03-30,Robbery - Purse Snatch,"Streets, Roads, Highways (Bicycle Path, Private Road)",97
2016-03-30,Robbery - Business,Ttc Subway Station,97
2014-03-07,Assault Peace Officer,Ttc Subway Train,39
2022-06-19,Assault With Weapon,Bar / Restaurant,145
2014-03-03,Unlawfully In Dwelling-House,"Single Home, House (Attach Garage, Cottage, Mobile)",81
2021-11-24,Robbery - Purse Snatch,"Other Commercial / Corporate Places (For Profit, Warehouse, Corp. Bldg)",74
2020-10-22,Robbery - Business,"Single Home, House (Attach Garage, Cottage, Mobile)",28
2021-09-16,B&E W'Intent,"Streets, Roads, Highways (Bicycle Path, Private Road)",93
2019-08-11,Unlawfully In Dwelling-House,Ttc Subway Station,31
2017-07-29,B&E,Ttc Subway Train,122
2018-03-05,B&E,"Commercial Dwelling Unit (Hotel, Motel, B & B, Short Term Rental)",75
2021-11-27,Robbery - Business,Ttc Subway Station,139
2019-06-05,B&E W'Intent,"Single Home, House (Attach Garage, Cottage, Mobile)",57
2023-10-29,Unlawfully In Dwelling-House,"Streets, Roads, Highways (Bicycle Path, Private Road)",145
2020-07-05,Assault With Weapon,"Apartment (Rooming House, Condo)",14
2015-02-27,Robbery With Weapon,"Apartment (Rooming House, Condo)",99
2020-11-08,B&E,"Other Commercial / Corporate Places (For Profit, Warehouse, Corp. Bldg)",81
2015-12-18,Unlawfully In Dwelling-House,Ttc Subway Train,116
2015-04-11,B&E W'Intent,"Commercial Dwelling Unit (Hotel, Motel, B & B, Short Term Rental)",72
2014-08-11,Robbery - Business,"Streets, Roads, Highways (Bicycle Path, Private Road)",13
2018-12-26,Theft Over,Ttc Subway Station,138
2017-02-03,Theft Over,Bar / Restaurant,38
2014-11-29,Theft Over,"Commercial Dwelling Unit (Hotel, Motel, B & B, Short Term Rental)",86
2020-02-20,Robbery With Weapon,Ttc Subway Train,101
2014-04-25,B&E,"Single Home, House (Attach Garage, Cottage, Mobile)",3
2016-03-22,B&E,"Apartment (Rooming House, Condo)",124
2016-10-13,B&E W'Intent,"Apartment (Rooming House, Condo)",96
2021-01-29,Robbery With Weapon,Ttc Subway Station,149
2024-04-29,Robbery - Business,Ttc Subway Train,14
2014-11-01,Assault With Weapon,Ttc Subway Station,17
2014-09-02,Robbery With Weapon,Ttc Subway Train,146
2017-10-04,B&E W'Intent,Ttc Subway Train,97
2017-11-11,Assault,Bar / Restaurant,42
2018-04-24,Assault With Weapon,"Commercial Dwelling Unit (Hotel, Motel, B & B, Short Term Rental)",101
2021-12-11,Robbery - Business,Ttc Subway Train,85
2017-07-04,Robbery - Purse Snatch,"Single Home, House (Attach Garage, Cottage, Mobile)",43
2024-05-14,Unlawfully In Dwelling-House,"Apartment (Rooming House, Condo)",136
2019-06-18,Assault,"Streets, Roads, Highways (Bicycle Path, Private Road)",31
2020-10-14,Assault With Weapon,Ttc Subway Station,58
2015-10-10,Unlawfully In Dwelling-House,Ttc Subway Station,157
2019-07-02,Robbery - Business,"Commercial Dwelling Unit (Hotel, Motel, B & B, Short Term Rental)",62
2022-04-04,B&E W'Intent,Ttc Subway Train,4
2022-12-02,Theft Over,"Streets, Roads, Highways (Bicycle Path, Private Road)",104
2017-01-29,Robbery - Business,"Other Commercial / Corporate Places (For Profit, Warehouse, Corp. Bldg)",55
2021-01-18,Assault With Weapon,Ttc Subway Station,77
2023-12-31,Assault Peace Officer,"Other Commercial / Corporate Places (For Profit, Warehouse, Corp. Bldg)",107
2014-08-30,Assault Peace Officer,Ttc Subway Train,12
2019-05-09,Robbery - Business,"Streets, Roads, Highways (Bicycle Path, Private Road)",54
2023-05-21,Theft Over,"Other Commercial / Corporate Places (For Profit, Warehouse, Corp. Bldg)",142
2019-03-31,Theft Over,Ttc Subway Station,90
2020-07-20,Assault Peace Officer,"Apartment (Rooming House, Condo)",9
2022-07-20,Unlawfully In Dwelling-House,"Commercial Dwelling Unit (Hotel, Motel, B & B, Short Term Rental)",12
2016-10-04,B&E,Bar / Restaurant,53
2023-11-12,B&E,"Apartment (Rooming House, Condo)",33
2023-01-09,Assault,"Single Home, House (Attach Garage, Cottage, Mobile)",73
2020-01-24,B&E W'Intent,Ttc Subway Train,28
2021-06-25,B&E,Bar / Restaurant,126
2022-10-13,Robbery With Weapon,"Streets, Roads, Highways (Bicycle Path, Private Road)",142
2021-09-29,Robbery With Weapon,Bar / Restaurant,2
2014-08-24,Assault,Ttc Subway Train,39
2019-10-06,Robbery - Business,"Commercial Dwelling Unit (Hotel, Motel, B & B, Short Term Rental)",57
2022-08-02,Robbery - Business,"Other Commercial / Corporate Places (For Profit, Warehouse, Corp. Bldg)",15
2019-09-12,Robbery - Business,Bar / Restaurant,6
2021-04-15,Assault,"Other Commercial / Corporate Places (For Profit, Warehouse, Corp. Bldg)",42
2018-06-30,Robbery With Weapon,"Single Home, House (Attach Garage, Cottage, Mobile)",84
2019-01-12,B&E W'Intent,Bar / Restaurant,1
2019-11-12,Robbery - Business,Ttc Subway Station,85
2019-04-25,B&E W'Intent,Ttc Subway Train,94
2023-10-30,Robbery With Weapon,"Streets, Roads, Highways (Bicycle Path, Private Road)",82
2023-01-01,Theft Over,Bar / Restaurant,62
2021-06-30,Theft Over,"Streets, Roads, Highways (Bicycle Path, Private Road)",92
2015-10-16,B&E,Ttc Subway Train,115
2015-04-26,Robbery - Business,Ttc Subway Station,39
2020-06-06,Assault Peace Officer,Ttc Subway Train,42
2024-05-09,Robbery - Business,"Other Commercial / Corporate Places (For Profit, Warehouse, Corp. Bldg)",154
2020-11-20,Assault,"Apartment (Rooming House, Condo)",67
2019-09-21,Unlawfully In Dwelling-House,"Apartment (Rooming House, Condo)",153
2023-01-20,Robbery - Business,Ttc Subway Station,112
2021-10-24,B&E,Ttc Subway Station,64
2015-12-02,Robbery - Business,Ttc Subway Station,56
